期号,红球,开奖日期
2024001,04 05 14 28 35,2026-05-13
2024002,05 10 14 15 28,2026-05-13
2024003,01 26 30 34 35,2026-05-13
2024004,01 03 07 16 19,2026-05-13
2024005,01 10 15 16 30,2026-05-13
2024006,07 08 15 26 27,2026-05-13
2024007,08 09 20 23 28,2026-05-13
2024008,06 16 19 23 24,2026-05-13
2024009,07 08 22 32 35,2026-05-13
2024010,03 05 07 08 28,2026-05-13
2024011,04 08 20 22 32,2026-05-13
2024012,05 09 22 26 34,2026-05-13
2024013,01 04 15 25 30,2026-05-13
2024014,01 02 03 05 16,2026-05-13
2024015,08 09 15 27 29,2026-05-13
2024016,05 09 15 22 28,2026-05-13
2024017,12 14 15 23 32,2026-05-13
2024018,02 12 20 23 31,2026-05-13
2024019,01 03 06 11 26,2026-05-13
2024020,02 11 13 20 26,2026-05-13
2024021,03 05 11 15 22,2026-05-13
2024022,08 10 12 19 31,2026-05-13
2024023,12 19 21 31 34,2026-05-13
2024024,12 19 22 31 34,2026-05-13
2024025,01 02 04 07 09,2026-05-13
2024026,04 06 12 16 25,2026-05-13
2024027,03 13 16 18 23,2026-05-13
2024028,04 06 14 23 27,2026-05-13
2024029,12 28 32 33 35,2026-05-13
2024030,05 18 19 31 33,2026-05-13
2024031,07 18 21 27 33,2026-05-13
2024032,02 10 14 15 30,2026-05-13
2024033,02 03 12 13 31,2026-05-13
2024034,05 12 22 26 33,2026-05-13
2024035,06 08 15 21 24,2026-05-13
2024036,01 06 07 22 32,2026-05-13
2024037,18 21 22 23 34,2026-05-13
2024038,01 15 20 25 29,2026-05-13
2024039,14 15 19 20 33,2026-05-13
2024040,07 10 21 24 29,2026-05-13
2024041,01 03 07 08 21,2026-05-13
2024042,03 04 10 23 27,2026-05-13
2024043,01 08 22 25 27,2026-05-13
2024044,08 10 22 25 35,2026-05-13
2024045,01 03 10 20 27,2026-05-13
2024046,10 13 16 23 25,2026-05-13
2024047,14 17 23 25 27,2026-05-13
2024048,13 17 20 28 35,2026-05-13
2024049,03 12 17 30 35,2026-05-13
2024050,07 13 23 26 27,2026-05-13
2024051,08 11 12 18 20,2026-05-13
2024052,01 02 25 31 32,2026-05-13
2024053,06 07 10 14 35,2026-05-13
2024054,10 12 13 20 21,2026-05-13
2024055,01 08 13 14 25,2026-05-13
2024056,10 20 21 28 33,2026-05-13
2024057,05 14 17 24 28,2026-05-13
2024058,17 19 23 25 27,2026-05-13
2024059,01 03 05 17 35,2026-05-13
2024060,06 12 25 31 32,2026-05-13
2024061,19 24 27 30 33,2026-05-13
2024062,04 08 13 18 31,2026-05-13
2024063,09 13 15 16 23,2026-05-13
2024064,13 20 23 32 34,2026-05-13
2024065,09 12 14 23 31,2026-05-13
2024066,08 09 12 22 30,2026-05-13
2024067,07 13 16 18 27,2026-05-13
2024068,02 04 14 25 28,2026-05-13
2024069,04 10 15 16 30,2026-05-13
2024070,07 13 15 20 32,2026-05-13
2024071,03 12 20 32 34,2026-05-13
2024072,02 09 23 30 34,2026-05-13
2024073,04 18 21 25 32,2026-05-13
2024074,03 05 07 08 23,2026-05-13
2024075,01 02 05 06 15,2026-05-13
2024076,01 08 29 32 35,2026-05-13
2024077,02 03 06 07 34,2026-05-13
2024078,07 22 24 33 35,2026-05-13
2024079,05 09 19 23 35,2026-05-13
2024080,04 05 18 21 29,2026-05-13
2024081,01 02 21 23 24,2026-05-13
2024082,09 22 25 30 33,2026-05-13
2024083,01 10 25 26 28,2026-05-13
2024084,01 04 21 22 26,2026-05-13
2024085,02 06 16 18 21,2026-05-13
2024086,20 21 25 26 28,2026-05-13
2024087,10 17 31 33 34,2026-05-13
2024088,11 17 20 29 34,2026-05-13
2024089,09 10 16 21 24,2026-05-13
2024090,10 16 17 27 29,2026-05-13
2024091,05 06 11 15 23,2026-05-13
2024092,06 09 23 25 29,2026-05-13
2024093,03 04 14 28 35,2026-05-13
2024094,01 09 11 14 27,2026-05-13
2024095,08 09 19 21 24,2026-05-13
2024096,02 19 25 30 31,2026-05-13
2024097,06 07 25 26 35,2026-05-13
2024098,05 12 16 29 34,2026-05-13
2024099,02 21 22 25 27,2026-05-13
2024100,02 04 06 23 25,2026-05-13
